ID,X,Y,Z,formation,azimuth,dip,polarity,fault,overturned,erosion,source,type,use,depth
F-01,585755,5244190,1320,faultA1,0,0,1,y,n,0,Fandel 2019,interface,y,0
F-02,587455,5245800,1167,faultA1,0,0,1,y,n,0,Fandel 2019,interface,y,0
F-03,586774,5245300,1264,faultA1,45,90,1,y,n,0,Fandel 2019,orientation,y,0
F-03a,586774,5245300,1264,faultA1,0,0,1,y,n,0,Fandel 2019,interface,y,-50
F-03b,586774,5245300,1264,faultA1,0,0,1,y,n,0,Fandel 2019,interface,y,50
F-04,584017,5247160,1819,faultA2,0,0,1,y,n,0,Fandel 2019,interface,y,0
F-05,586022,5249130,1519,faultA2,0,0,1,y,n,0,Fandel 2019,interface,y,0
F-06,584538,5247580,1956,faultA2,48,90,1,y,n,0,Fandel 2019,orientation,y,0
F-06a,584538,5247580,1956,faultA2,0,0,1,y,n,0,Fandel 2019,interface,y,-50
F-06b,584538,5247580,1956,faultA2,0,0,1,y,n,0,Fandel 2019,interface,y,50
F-07,582489,5246380,1921,faultA4,0,0,1,y,n,0,Fandel 2019,interface,y,0
F-08,584063,5247350,1874,faultA4,0,0,1,y,n,0,Fandel 2019,interface,y,0
F-09,583213,5246800,1876,faultA4,55,90,1,y,n,0,Fandel 2019,orientation,y,0
F-09a,583213,5246800,1876,faultA4,0,0,1,y,n,0,Fandel 2019,interface,y,-50
F-09b,583213,5246800,1876,faultA4,0,0,1,y,n,0,Fandel 2019,orientation,y,50
F-10,583774,5245330,1943,faultB1,0,0,1,y,n,0,Fandel 2019,interface,y,0
F-11,585716,5244560,1444,faultB1,0,0,1,y,n,0,Fandel 2019,interface,y,0
F-12,584499,5245170,1745,faultB1,100,90,1,y,n,0,Fandel 2019,orientation,y,0
F-12a,584499,5245170,1745,faultB1,0,0,1,y,n,0,Fandel 2019,interface,y,-50
F-12b,584499,5245170,1745,faultB1,0,0,1,y,n,0,Fandel 2019,interface,y,50
F-13,583908,5247570,1926,faultB2,0,0,1,y,n,0,Fandel 2019,interface,y,0
F-14,585135,5246530,1636,faultB2,0,0,1,y,n,0,Fandel 2019,interface,y,0
F-15,584328,5247180,1851,faultB2,130,90,1,y,n,0,Fandel 2019,orientation,y,0
F-15a,584328,5247180,1851,faultB2,0,0,1,y,n,0,Fandel 2019,interface,y,-50
F-15b,584328,5247180,1851,faultB2,0,0,1,y,n,0,Fandel 2019,interface,y,50
F-16,585572,5246130,1591,faultB14,0,0,1,y,n,0,Fandel 2019,interface,y,0
F-17,587382,5245350,1146,faultB14,0,0,1,y,n,0,Fandel 2019,interface,y,0
F-18,586298,5245820,1394,faultB14,110,90,1,y,n,0,Fandel 2019,orientation,y,0
F-18a,586298,5245820,1394,faultB14,0,0,1,y,n,0,Fandel 2019,interface,y,-50
F-18b,586298,5245820,1394,faultB14,0,0,1,y,n,0,Fandel 2019,interface,y,50
F-19,588952,5247070,1192,faultA13,0,0,1,y,n,0,Fandel 2019,interface,y,0
F-20,588997,5246380,1032,faultA13,0,0,1,y,n,0,Fandel 2019,interface,y,0
F-21,588992,5246450,1011,faultA13,175,90,1,y,n,0,Fandel 2019,orientation,y,0
F-21a,588992,5246450,1011,faultA13,0,0,1,y,n,0,Fandel 2019,interface,y,-50
F-21b,588992,5246450,1011,faultA13,0,0,1,y,n,0,Fandel 2019,interface,y,50
F-22,588976,5246800,1040,faultA4,176,90,1,y,n,0,Fandel 2019,orientation,y,0
F-23,586327,5247940,1521,faultC2,16,75,1,y,n,0,Fandel 2019,orientation,y,0
F-24,585278,5248250,1730,faultA2,46,74,1,y,n,0,Fandel 2019,orientation,y,0
G-AB-00a,582970,5244930,2102,Garschella,0,0,1,n,n,1,Goldscheider 1997,xsec,y,0
G-AB-00b,582970,5244930,2102,Schrattenkalk,0,0,1,n,n,0,Goldscheider 1997,xsec,y,125
G-AB-00c,582970,5244930,2102,Drusberg,0,0,1,n,n,0,Goldscheider 1997,xsec,y,385
G-AB-02a,583106,5245250,2116,Schrattenkalk,0,0,1,n,n,0,Goldscheider 1997,xsec,y,30
G-AB-02b,583106,5245250,2116,Drusberg,0,0,1,n,n,0,Goldscheider 1997,xsec,y,250
G-AB-05a,583232,5245540,2077,Schrattenkalk,0,0,1,n,n,0,Goldscheider 1997,xsec,y,75
G-AB-05b,583232,5245540,2077,Drusberg,0,0,1,n,n,0,Goldscheider 1997,xsec,y,315
G-AB-07a,583339,5245790,2002,Schrattenkalk,0,0,1,n,n,0,Goldscheider 1997,xsec,y,110
G-AB-07b,583339,5245790,2002,Drusberg,0,0,1,n,n,0,Goldscheider 1997,xsec,y,305
G-AB-08a,583550,5246270,1939,Garschella,0,0,1,n,n,1,Goldscheider 1997,xsec,y,0
G-AB-08b,583550,5246270,1939,Schrattenkalk,0,0,1,n,n,0,Goldscheider 1997,xsec,y,100
G-AB-08c,583550,5246270,1939,Drusberg,0,0,1,n,n,0,Goldscheider 1997,xsec,y,318
G-AB-10a,583869,5247000,1825,Garschella,0,0,1,n,n,1,Goldscheider 1997,xsec,y,0
G-AB-10b,583869,5247000,1825,Schrattenkalk,0,0,1,n,n,0,Goldscheider 1997,xsec,y,95
G-AB-10c,583869,5247000,1825,Drusberg,0,0,1,n,n,0,Goldscheider 1997,xsec,y,310
G-AB-11a,583969,5247230,1847,Garschella,0,0,1,n,n,0,Goldscheider 1997,xsec,y,0
G-AB-11b,583969,5247230,1847,Schrattenkalk,0,0,1,n,n,0,Goldscheider 1997,xsec,y,89
G-AB-11c,583969,5247230,1847,Drusberg,0,0,1,n,n,0,Goldscheider 1997,xsec,y,312
G-AB-12a,584078,5247490,1928,Garschella,0,0,1,n,n,1,Goldscheider 1997,xsec,y,0
G-AB-12b,584078,5247490,1928,Schrattenkalk,0,0,1,n,n,0,Goldscheider 1997,xsec,y,95
G-AB-12c,584078,5247490,1928,Drusberg,0,0,1,n,n,0,Goldscheider 1997,xsec,y,325
G-AB-13a,584134,5247610,1997,Garschella,0,0,1,n,n,1,Goldscheider 1997,xsec,y,0
G-AB-13b,584134,5247610,1997,Schrattenkalk,0,0,1,n,n,0,Goldscheider 1997,xsec,y,90
G-AB-13c,584134,5247610,1997,Drusberg,0,0,1,n,n,0,Goldscheider 1997,xsec,y,335
G-AB-16a,584280,5247960,1779,Garschella,0,0,1,n,n,0,Goldscheider 1997,xsec,y,-363
G-AB-16b,584280,5247960,1779,Schrattenkalk,0,0,1,n,n,0,Goldscheider 1997,xsec,y,-283
G-AB-16c,584280,5247960,1779,Drusberg,0,0,1,n,n,0,Goldscheider 1997,xsec,y,60
G-AB-18a,584395,5248220,1692,Garschella,0,0,1,n,n,0,Goldscheider 1997,xsec,y,-163
G-AB-18b,584395,5248220,1692,Schrattenkalk,0,0,1,n,n,0,Goldscheider 1997,xsec,y,217
G-AB-18c,584395,5248220,1692,Drusberg,0,0,1,n,n,0,Goldscheider 1997,xsec,y,499
G-CD-00a,583940,5244410,1920,Garschella,0,0,1,n,n,1,Goldscheider 1997,xsec,y,0
G-CD-00b,583940,5244410,1920,Schrattenkalk,0,0,1,n,n,0,Goldscheider 1997,xsec,y,127
G-CD-02a,584118,5244820,1833,Garschella,0,0,1,n,n,0,Goldscheider 1997,xsec,y,-267
G-CD-02b,584118,5244820,1833,Schrattenkalk,0,0,1,n,n,0,Goldscheider 1997,xsec,y,-160
G-CD-04a,584237,5245100,1847,Garschella,0,0,1,n,n,0,Goldscheider 1997,xsec,y,-80
G-CD-04b,584237,5245100,1847,Schrattenkalk,0,0,1,n,n,0,Goldscheider 1997,xsec,y,115
G-CD-05a,584351,5245380,1866,Garschella,0,0,1,n,n,1,Goldscheider 1997,xsec,y,0
G-CD-05b,584351,5245380,1866,Schrattenkalk,0,0,1,n,n,0,Goldscheider 1997,xsec,y,93
G-CD-07a,584552,5245840,1884,Garschella,0,0,1,n,n,1,Goldscheider 1997,xsec,y,0
G-CD-07b,584552,5245840,1884,Schrattenkalk,0,0,1,n,n,0,Goldscheider 1997,xsec,y,103
G-CD-08a,584702,5246200,1787,Garschella,0,0,1,n,n,1,Goldscheider 1997,xsec,y,0
G-CD-08b,584702,5246200,1787,Schrattenkalk,0,0,1,n,n,0,Goldscheider 1997,xsec,y,112
G-CD-09a,584859,5246560,1669,Garschella,0,0,1,n,n,1,Goldscheider 1997,xsec,y,0
G-CD-09b,584859,5246560,1669,Schrattenkalk,0,0,1,n,n,0,Goldscheider 1997,xsec,y,113
G-CD-11a,585062,5247130,1856,Garschella,0,0,1,n,n,1,Goldscheider 1997,xsec,y,0
G-CD-11b,585062,5247130,1856,Schrattenkalk,0,0,1,n,n,0,Goldscheider 1997,xsec,y,95
G-CD-12a,585192,5247620,1995,Garschella,0,0,1,n,n,1,Goldscheider 1997,xsec,y,0
G-CD-12b,585192,5247620,1995,Schrattenkalk,0,0,1,n,n,0,Goldscheider 1997,xsec,y,93
G-CD-13a,585250,5247850,1867,Garschella,0,0,1,n,n,0,Goldscheider 1997,xsec,y,-183
G-CD-13b,585250,5247850,1867,Schrattenkalk,0,0,1,n,n,0,Goldscheider 1997,xsec,y,-85
G-CD-14a,585314,5248090,1718,Amdener,0,0,1,n,n,0,Goldscheider 1997,xsec,y,90
G-CD-14b,585314,5248090,1718,Garschella,0,0,1,n,n,0,Goldscheider 1997,xsec,y,130
G-CD-14c,585314,5248090,1718,Schrattenkalk,0,0,1,n,n,0,Goldscheider 1997,xsec,y,225
G-CD-16a,585383,5248340,1752,Garschella,0,0,1,n,n,0,Goldscheider 1997,xsec,y,28
G-CD-16b,585383,5248340,1752,Schrattenkalk,0,0,1,n,n,0,Goldscheider 1997,xsec,y,123
G-EF-01a,584888,5243870,1578,Garschella,0,0,1,n,n,0,Goldscheider 1997,interface,y,-12
G-EF-01b,584888,5243870,1578,Schrattenkalk,0,0,1,n,n,0,Goldscheider 1997,interface,y,115
G-EF-02a,585018,5244150,1557,Garschella,0,0,1,n,n,0,Goldscheider 1997,interface,y,-100
G-EF-02b,585018,5244150,1557,Schrattenkalk,0,0,1,n,n,0,Goldscheider 1997,interface,y,35
G-EF-04a,585281,5244730,1568,Garschella,0,0,1,n,n,0,Goldscheider 1997,interface,y,-22
G-EF-04b,585281,5244730,1568,Schrattenkalk,0,0,1,n,n,0,Goldscheider 1997,interface,y,110
G-EF-07a,585457,5245180,1658,Garschella,0,0,1,n,n,1,Goldscheider 1997,interface,y,0
G-EF-07b,585457,5245180,1658,Schrattenkalk,0,0,1,n,n,0,Goldscheider 1997,interface,y,100
G-EF-10a,585889,5246170,1522,Garschella,0,0,1,n,n,0,Goldscheider 1997,interface,y,5
G-EF-10b,585889,5246170,1522,Schrattenkalk,0,0,1,n,n,0,Goldscheider 1997,interface,y,130
G-EF-15a,586400,5247340,1741,Garschella,0,0,1,n,n,1,Goldscheider 1997,interface,y,0
G-EF-15b,586400,5247340,1741,Schrattenkalk,0,0,1,n,n,0,Goldscheider 1997,interface,y,115
G-EF-18a,586628,5247870,1485,Garschella,0,0,1,n,n,1,Goldscheider 1997,interface,y,0
G-EF-18b,586628,5247870,1485,Schrattenkalk,0,0,1,n,n,0,Goldscheider 1997,interface,y,90
G-GH-01a,585406,5243560,1288,Garschella,0,0,1,n,n,0,Goldscheider 1997,interface,y,5
G-GH-01b,585406,5243560,1288,Schrattenkalk,0,0,1,n,n,0,Goldscheider 1997,interface,y,105
G-GH-02a,585641,5243730,1302,Garschella,0,0,1,n,n,1,Goldscheider 1997,interface,y,0
G-GH-02b,585641,5243730,1302,Schrattenkalk,0,0,1,n,n,0,Goldscheider 1997,interface,y,105
G-GH-04b,585925,5243940,1275,Schrattenkalk,0,0,1,n,n,0,Goldscheider 1997,interface,y,105
G-GH-06a,586266,5244190,1278,Garschella,0,0,1,n,n,1,Goldscheider 1997,interface,y,0
G-GH-06b,586266,5244190,1278,Schrattenkalk,0,0,1,n,n,0,Goldscheider 1997,interface,y,104
G-GH-09a,586862,5244620,1209,Garschella,0,0,1,n,n,0,Goldscheider 1997,interface,y,57
G-GH-09b,586862,5244620,1209,Schrattenkalk,0,0,1,n,n,0,Goldscheider 1997,interface,y,167
G-GH-11a,587092,5244780,1198,Garschella,0,0,1,n,n,0,Goldscheider 1997,interface,y,-15
G-GH-11b,587092,5244780,1198,Schrattenkalk,0,0,1,n,n,0,Goldscheider 1997,interface,y,87
G-GH-13a,587922,5245380,1111,Garschella,0,0,1,n,n,0,Goldscheider 1997,interface,y,55
G-GH-13b,587922,5245380,1111,Schrattenkalk,0,0,1,n,n,0,Goldscheider 1997,interface,y,102
G-GH-14a,588427,5245810,1110,Garschella,0,0,1,n,n,0,Goldscheider 1997,interface,y,-51
G-GH-14b,588427,5245810,1110,Schrattenkalk,0,0,1,n,n,0,Goldscheider 1997,interface,y,58
G-GH-16a,588777,5246410,1018,Garschella,0,0,1,n,n,0,Goldscheider 1997,interface,y,135
G-GH-16b,588777,5246410,1018,Schrattenkalk,0,0,1,n,n,0,Goldscheider 1997,interface,y,235
G-GH-18a,589145,5247040,1178,Garschella,0,0,1,n,n,0,Goldscheider 1997,interface,y,35
G-GH-18b,589145,5247040,1178,Schrattenkalk,0,0,1,n,n,0,Goldscheider 1997,interface,y,140
G-GH-QAa,588336,5245680,1079,Garschella,0,0,1,n,n,0,Goldscheider 1997,xsec,y,-70
G-GH-QAb,588339,5245680,1079,Schrattenkalk,0,0,1,n,n,0,Goldscheider 1997,xsec,y,40
S-001,579070,5249560,948,Amdener,0,0,1,n,n,0,Huth 1998,interface,y,0
S-002,578670,5247880,1014,Amdener,0,0,1,n,n,0,Tomsu 1998,interface,y,0
S-003,579866,5248730,1290,Amdener,0,0,1,n,n,0,Huth 1998,interface,y,0
S-004,583965,5248540,1586,Amdener,0,0,1,n,n,0,Huth 1998,interface,y,0
S-005,584913,5248280,1715,Amdener,0,0,1,n,n,0,Huth 1998,interface,y,0
S-006,585378,5248180,1694,Amdener,0,0,1,n,n,0,Goldscheider 1997,interface,y,0
S-007,585249,5248070,1736,Amdener,0,0,1,n,y,0,Goldscheider 1997,interface,y,0
S-008,588396,5246950,1085,Amdener,0,0,1,n,n,0,Goldscheider 1997,interface,y,0
S-009,589717,5246840,1095,Amdener,0,0,1,n,n,0,Mittelberg,interface,y,0
S-010,590131,5246860,1023,Amdener,0,0,1,n,n,0,Goldscheider 1997,interface,y,0
S-011,588429,5246280,1041,Amdener,0,0,1,n,n,0,Goldscheider 1997,interface,y,0
S-012,590008,5246570,979,Amdener,0,0,1,n,n,0,Goldscheider 1997,interface,y,0
S-013,588569,5246200,1032,Amdener,0,0,1,n,n,0,Goldscheider 1997,interface,y,0
S-014,587228,5244650,1191,Amdener,0,0,1,n,n,0,Goldscheider 1997,interface,y,0
S-015,582115,5243170,1660,Amdener,0,0,1,n,n,0,Sinreich 1998,interface,y,0
S-016,581007,5243460,1751,Amdener,0,0,1,n,n,0,Sinreich 1998,interface,y,0
S-017,579789,5249330,1253,Garschella,0,0,1,n,n,0,Huth 1998,interface,y,0
S-018,579798,5249170,1351,Garschella,0,0,1,n,n,0,Huth 1998,interface,y,0
S-019,580410,5248360,1393,Garschella,0,0,1,n,n,0,Huth 1998,interface,y,0
S-020,580403,5248290,1424,Garschella,0,0,1,n,n,0,Huth 1998,interface,y,0
S-021,578918,5248700,978,Garschella,0,0,1,n,n,0,Huth 1998,interface,y,0
S-022,581091,5248990,1396,Garschella,0,0,1,n,n,0,Huth 1998,interface,y,0
S-023,581090,5248930,1423,Garschella,0,0,1,n,n,0,Huth 1998,interface,y,0
S-024,581061,5248560,1545,Garschella,0,0,1,n,n,0,Huth 1998,interface,y,0
S-025,581066,5248450,1520,Garschella,0,0,1,n,n,0,Huth 1998,interface,y,0
S-026,581974,5249140,1300,Garschella,0,0,1,n,n,0,Huth 1998,interface,y,0
S-027,583924,5248600,1571,Garschella,0,0,1,n,n,0,Huth 1998,interface,y,0
S-028,584080,5248410,1649,Garschella,0,0,1,n,y,0,Huth 1998,interface,y,0
S-029,584431,5248430,1625,Garschella,0,0,1,n,n,0,Huth 1998,interface,y,0
S-030,584427,5248250,1692,Garschella,0,0,1,n,y,0,Huth 1998,interface,y,0
S-031,584792,5248360,1708,Garschella,0,0,1,n,n,0,Huth 1998,interface,y,0
S-032,584732,5248120,1735,Garschella,0,0,1,n,y,0,Huth 1998,interface,y,0
S-033,585219,5248270,1765,Garschella,0,0,1,n,n,0,Goldscheider 1997,interface,y,0
S-034,585194,5248070,1769,Garschella,0,0,1,n,n,0,Goldscheider 1997,interface,y,0
S-035,585439,5248230,1709,Garschella,0,0,1,n,n,0,Goldscheider 1997,interface,y,0
S-036,585409,5248000,1748,Garschella,0,0,1,n,n,0,Goldscheider 1997,interface,y,0
S-037,585912,5249100,1493,Garschella,0,0,1,n,n,0,Mittelberg,interface,y,0
S-038,585754,5247860,1702,Garschella,0,0,1,n,n,0,Goldscheider 1997,interface,y,0
S-039,586580,5247970,1506,Garschella,0,0,1,n,n,0,Goldscheider 1997,interface,y,0
S-040,587872,5247280,1202,Garschella,0,0,1,n,n,0,Goldscheider 1997,interface,y,0
S-041,587895,5246930,1228,Garschella,0,0,1,n,n,0,Goldscheider 1997,interface,y,0
S-042,587662,5246750,1324,Garschella,0,0,1,n,n,0,Goldscheider 1997,interface,y,0
S-043,587831,5246660,1283,Garschella,0,0,1,n,n,0,Goldscheider 1997,interface,y,0
S-044,588279,5246260,1096,Garschella,0,0,1,n,n,0,Goldscheider 1997,interface,y,0
S-045,588538,5246150,1024,Garschella,0,0,1,n,n,0,Goldscheider 1997,interface,y,0
S-046,588939,5246840,1068,Garschella,0,0,1,n,n,0,Goldscheider 1997,interface,y,0
S-047,589017,5246780,1059,Garschella,0,0,1,n,n,0,Goldscheider 1997,interface,y,0
S-048,590063,5246730,979,Garschella,0,0,1,n,n,0,Goldscheider 1997,interface,y,0
S-049,590109,5246710,972,Garschella,0,0,1,n,n,0,Goldscheider 1997,interface,y,0
S-050,587212,5244700,1187,Garschella,0,0,1,n,n,0,Goldscheider 1997,interface,y,0
S-051,583816,5247030,1838,Garschella,0,0,1,n,n,0,Goldscheider 1997,interface,y,0
S-052,584162,5247220,1855,Garschella,0,0,1,n,n,0,Goldscheider 1997,interface,y,0
S-053,585901,5246110,1494,Garschella,0,0,1,n,n,0,Goldscheider 1997,interface,y,0
S-054,586672,5245510,1300,Garschella,0,0,1,n,n,0,Goldscheider 1997,interface,y,0
S-055,586250,5245660,1422,Garschella,0,0,1,n,n,0,Goldscheider 1997,interface,y,0
S-056,585826,5245930,1567,Garschella,0,0,1,n,n,0,Goldscheider 1997,interface,y,0
S-057,584250,5245170,1787,Garschella,0,0,1,n,n,0,Goldscheider 1997,interface,y,0
S-058,581280,5244970,2003,Garschella,0,0,1,n,y,0,Sinreich 1998,interface,y,0
S-059,582433,5243850,1719,Garschella,0,0,1,n,n,0,Sinreich 1998,interface,y,0
S-060,582803,5243450,1606,Garschella,0,0,1,n,n,0,Sinreich 1998,interface,y,0
S-061,581847,5243600,1803,Garschella,0,0,1,n,y,0,Sinreich 1998,interface,y,0
S-062,581289,5243970,1947,Garschella,0,0,1,n,y,0,Sinreich 1998,interface,y,0
S-063,581017,5243740,1837,Garschella,0,0,1,n,y,0,Sinreich 1998,interface,y,0
S-064,581267,5244510,1902,Garschella,0,0,1,n,y,0,Sinreich 1998,interface,y,0
S-065,581436,5244820,1941,Garschella,0,0,1,n,y,0,Sinreich 1998,interface,y,0
S-066,581862,5244490,1817,Garschella,0,0,1,n,y,0,Sinreich 1998,interface,y,0
S-067,581480,5244620,1918,Garschella,0,0,1,n,y,0,Sinreich 1998,interface,y,0
S-068,581920,5244240,1795,Garschella,0,0,1,n,y,0,Sinreich 1998,interface,y,0
S-069,581949,5244770,1836,Garschella,0,0,1,n,y,0,Sinreich 1998,interface,y,0
S-070,582115,5244500,1767,Garschella,0,0,1,n,y,0,Sinreich 1998,interface,y,0
S-071,581562,5243750,1875,Garschella,0,0,1,n,y,0,Sinreich 1998,interface,y,0
S-072,581709,5244560,1861,Garschella,0,0,1,n,y,0,Sinreich 1998,interface,y,0
S-073,589654,5247270,1129,Garschella,0,0,1,n,n,0,Mittelberg,interface,y,0
S-074,589315,5247590,1250,Garschella,0,0,1,n,n,0,Mittelberg,interface,y,0
S-075,588876,5247920,1377,Garschella,0,0,1,n,n,0,Mittelberg,interface,y,0
S-076,588313,5248270,1320,Garschella,0,0,1,n,n,0,Mittelberg,interface,y,0
S-077,587609,5248480,1478,Garschella,0,0,1,n,n,0,Mittelberg,interface,y,0
S-078,587121,5248650,1576,Garschella,0,0,1,n,n,0,Mittelberg,interface,y,0
S-079,586771,5248560,1738,Garschella,0,0,1,n,n,0,Mittelberg,interface,y,0
S-080,587077,5248300,1664,Garschella,0,0,1,n,n,0,Mittelberg,interface,y,0
S-081,586279,5248210,1697,Garschella,0,0,1,n,n,0,Mittelberg,interface,y,0
S-082,585659,5248420,1802,Garschella,0,0,1,n,n,0,Mittelberg,interface,y,0
S-083,588165,5248130,1523,Garschella,0,0,1,n,n,0,Mittelberg,interface,y,0
S-084,587843,5247690,1393,Garschella,0,0,1,n,n,0,Mittelberg,interface,y,0
S-085,588512,5247620,1382,Garschella,0,0,1,n,n,0,Mittelberg,interface,y,0
S-086,587628,5248200,1593,Garschella,0,0,1,n,n,0,Mittelberg,interface,y,0
S-087,587322,5247950,1507,Garschella,0,0,1,n,n,0,Mittelberg,interface,y,0
S-088,589441,5247380,1222,Garschella,0,0,1,n,n,0,Mittelberg,interface,y,0
S-089,588224,5247770,1450,Garschella,0,0,1,n,n,0,Mittelberg,interface,y,0
S-090,586967,5247720,1422,Garschella,0,0,1,n,n,1,Goldscheider 1997,interface,y,0
S-091,586878,5247310,1623,Garschella,0,0,1,n,n,1,Goldscheider 1997,interface,y,0
S-092,586623,5246710,1529,Garschella,0,0,1,n,n,1,Goldscheider 1997,interface,y,0
S-093,586359,5246160,1408,Garschella,0,0,1,n,n,1,Goldscheider 1997,interface,y,0
S-094,588040,5245870,1175,Garschella,0,0,1,n,n,5,Goldscheider 1997,interface,y,0
S-095,585572,5247060,1763,Garschella,0,0,1,n,n,1,Goldscheider 1997,interface,y,0
S-096,584735,5247290,1903,Garschella,0,0,1,n,n,1,Goldscheider 1997,interface,y,0
S-097,584342,5246590,1781,Garschella,0,0,1,n,n,1,Goldscheider 1997,interface,y,0
S-098,584144,5246230,1893,Garschella,0,0,1,n,n,1,Goldscheider 1997,interface,y,0
S-099,584101,5245540,1921,Garschella,0,0,1,n,n,5,Goldscheider 1997,interface,y,0
S-100,585609,5246680,1672,Garschella,0,0,1,n,n,1,Goldscheider 1997,interface,y,0
S-101,586152,5245260,1457,Garschella,0,0,1,n,n,1,Goldscheider 1997,interface,y,0
S-102,586139,5244940,1480,Garschella,0,0,1,n,n,1,Goldscheider 1997,interface,y,0
S-103,584915,5245540,1816,Garschella,0,0,1,n,n,1,Goldscheider 1997,interface,y,0
S-104,583431,5246460,1940,Garschella,0,0,1,n,n,1,Goldscheider 1997,interface,y,0
S-105,583093,5245090,2203,Garschella,0,0,1,n,n,1,Goldscheider 1997,interface,y,0
S-106,583371,5244760,2085,Garschella,0,0,1,n,n,1,Goldscheider 1997,interface,y,0
S-107,584344,5244400,1925,Garschella,0,0,1,n,n,1,Goldscheider 1997,interface,y,0
S-108,583842,5244630,2036,Garschella,0,0,1,n,n,1,Goldscheider 1997,interface,y,0
S-109,585142,5243670,1469,Garschella,0,0,1,n,n,1,Goldscheider 1997,interface,y,0
S-110,583521,5247570,1827,Garschella,0,0,1,n,n,1,Tomsu 1998,interface,y,0
S-111,582915,5247700,1702,Garschella,0,0,1,n,n,1,Tomsu 1998,interface,y,0
S-112,582912,5246260,1943,Garschella,0,0,1,n,n,1,Tomsu 1998,interface,y,0
S-113,582747,5246680,1895,Garschella,0,0,1,n,n,1,Tomsu 1998,interface,y,0
S-114,581796,5246640,1766,Garschella,0,0,1,n,n,1,Tomsu 1998,interface,y,0
S-115,580590,5247790,1423,Garschella,0,0,1,n,n,1,Tomsu 1998,interface,y,0
S-116,580132,5246910,1552,Garschella,0,0,1,n,n,1,Tomsu 1998,interface,y,0
S-117,580060,5248000,1418,Garschella,0,0,1,n,n,1,Tomsu 1998,interface,y,0
S-118,580866,5247120,1463,Garschella,0,0,1,n,n,1,Tomsu 1998,interface,y,0
S-119,581247,5246810,1672,Garschella,0,0,1,n,n,1,Tomsu 1998,interface,y,0
S-120,582073,5247910,1695,Garschella,0,0,1,n,n,1,Tomsu 1998,interface,y,0
S-121,580771,5248680,1395,Garschella,0,0,1,n,n,1,Huth 1998,interface,y,0
S-122,581394,5248360,1626,Garschella,0,0,1,n,n,1,Huth 1998,interface,y,0
S-123,581324,5248790,1588,Garschella,0,0,1,n,n,1,Huth 1998,interface,y,0
S-124,584727,5243820,1586,Garschella,0,0,1,n,n,1,Goldscheider 1997,interface,y,0
S-125,585008,5245160,1707,Garschella,0,0,1,n,n,1,Goldscheider 1997,interface,y,0
S-126,579382,5249190,1087,Schrattenkalk,0,0,1,n,n,0,Huth 1998,interface,y,0
S-127,579530,5248180,1294,Schrattenkalk,0,0,1,n,n,0,Huth 1998,interface,y,0
S-128,580435,5249120,1288,Schrattenkalk,0,0,1,n,n,0,Huth 1998,interface,y,0
S-129,579134,5249280,969,Schrattenkalk,0,0,1,n,n,0,Huth 1998,interface,y,0
S-130,579321,5249050,1067,Schrattenkalk,0,0,1,n,n,0,Huth 1998,interface,y,0
S-131,579422,5248290,1222,Schrattenkalk,0,0,1,n,n,0,Huth 1998,interface,y,0
S-132,580512,5248940,1209,Schrattenkalk,0,0,1,n,n,0,Huth 1998,interface,y,0
S-133,579788,5246990,1311,Schrattenkalk,0,0,1,n,n,0,Tomsu 1998,interface,y,0
S-134,580022,5246750,1486,Schrattenkalk,0,0,1,n,n,0,Tomsu 1998,interface,y,0
S-135,581417,5249040,1458,Schrattenkalk,0,0,1,n,n,0,Huth 1998,interface,y,0
S-136,581508,5248580,1568,Schrattenkalk,0,0,1,n,n,0,Huth 1998,interface,y,0
S-137,581705,5248360,1579,Schrattenkalk,0,0,1,n,n,0,Huth 1998,interface,y,0
S-138,582035,5248100,1759,Schrattenkalk,0,0,1,n,n,0,Huth 1998,interface,y,0
S-139,582336,5247980,1747,Schrattenkalk,0,0,1,n,n,0,Huth 1998,interface,y,0
S-140,582275,5248900,1455,Schrattenkalk,0,0,1,n,y,0,Huth 1998,interface,y,0
S-141,582700,5248800,1620,Schrattenkalk,0,0,1,n,y,0,Huth 1998,interface,y,0
S-142,583117,5248590,1635,Schrattenkalk,0,0,1,n,y,0,Huth 1998,interface,y,0
S-143,582571,5247940,1777,Schrattenkalk,0,0,1,n,n,0,Huth 1998,interface,y,0
S-144,582787,5248020,1802,Schrattenkalk,0,0,1,n,n,0,Huth 1998,interface,y,0
S-145,583051,5248080,1861,Schrattenkalk,0,0,1,n,n,0,Huth 1998,interface,y,0
S-146,583297,5247950,1886,Schrattenkalk,0,0,1,n,n,0,Huth 1998,interface,y,0
S-147,584209,5247650,1976,Schrattenkalk,0,0,1,n,n,0,Huth 1998,interface,y,0
S-148,582990,5248970,1331,Schrattenkalk,0,0,1,n,n,0,Huth 1998,interface,y,0
S-149,583208,5248680,1443,Schrattenkalk,0,0,1,n,n,0,Huth 1998,interface,y,0
S-150,583918,5248360,1660,Schrattenkalk,0,0,1,n,y,0,Huth 1998,interface,y,0
S-151,584035,5248700,1565,Schrattenkalk,0,0,1,n,n,0,Huth 1998,interface,y,0
S-152,584257,5248220,1724,Schrattenkalk,0,0,1,n,y,0,Huth 1998,interface,y,0
S-153,584571,5248770,1640,Schrattenkalk,0,0,1,n,n,0,Huth 1998,interface,y,0
S-154,585130,5248690,1797,Schrattenkalk,0,0,1,n,n,0,Huth 1998,interface,y,0
S-155,584586,5249140,1406,Schrattenkalk,0,0,1,n,y,0,Huth 1998,interface,y,0
S-156,584995,5248940,1533,Schrattenkalk,0,0,1,n,y,0,Huth 1998,interface,y,0
S-157,585596,5248780,1594,Schrattenkalk,0,0,1,n,y,0,Huth 1998,interface,y,0
S-158,586100,5248640,1672,Schrattenkalk,0,0,1,n,y,0,Huth 1998,interface,y,0
S-159,584549,5248100,1777,Schrattenkalk,0,0,1,n,n,0,Huth 1998,interface,y,0
S-160,584800,5247610,1985,Schrattenkalk,0,0,1,n,n,0,Goldscheider 1997,interface,y,0
S-161,585052,5247620,1932,Schrattenkalk,0,0,1,n,n,0,Goldscheider 1997,interface,y,0
S-162,585414,5247620,1863,Schrattenkalk,0,0,1,n,n,0,Goldscheider 1997,interface,y,0
S-163,585349,5247900,1813,Schrattenkalk,0,0,1,n,y,0,Goldscheider 1997,interface,y,0
S-164,585656,5247640,1902,Schrattenkalk,0,0,1,n,n,0,Goldscheider 1997,interface,y,0
S-165,585811,5247630,1842,Schrattenkalk,0,0,1,n,n,0,Goldscheider 1997,interface,y,0
S-166,585889,5247560,1774,Schrattenkalk,0,0,1,n,n,0,Goldscheider 1997,interface,y,0
S-167,586035,5247540,1786,Schrattenkalk,0,0,1,n,n,0,Goldscheider 1997,interface,y,0
S-168,585738,5247680,1800,Schrattenkalk,0,0,1,n,y,0,Goldscheider 1997,interface,y,0
S-169,586045,5247720,1672,Schrattenkalk,0,0,1,n,y,0,Goldscheider 1997,interface,y,0
S-170,581165,5247530,1452,Schrattenkalk,0,0,1,n,n,0,Tomsu 1998,interface,y,0
S-171,581532,5247830,1530,Schrattenkalk,0,0,1,n,n,0,Tomsu 1998,interface,y,0
S-172,581551,5247660,1527,Schrattenkalk,0,0,1,n,n,0,Tomsu 1998,interface,y,0
S-173,581756,5247860,1598,Schrattenkalk,0,0,1,n,n,0,Tomsu 1998,interface,y,0
S-174,581993,5247160,1695,Schrattenkalk,0,0,1,n,n,0,Tomsu 1998,interface,y,0
S-175,582285,5247540,1615,Schrattenkalk,0,0,1,n,n,0,Tomsu 1998,interface,y,0
S-176,581036,5246780,1631,Schrattenkalk,0,0,1,n,n,0,Tomsu 1998,interface,y,0
S-177,581587,5246600,1717,Schrattenkalk,0,0,1,n,n,0,Tomsu 1998,interface,y,0
S-178,582571,5247270,1689,Schrattenkalk,0,0,1,n,n,0,Tomsu 1998,interface,y,0
S-179,582069,5246310,1832,Schrattenkalk,0,0,1,n,n,0,Tomsu 1998,interface,y,0
S-180,581870,5247410,1569,Schrattenkalk,0,0,1,n,n,0,Tomsu 1998,interface,y,0
S-181,582193,5247080,1704,Schrattenkalk,0,0,1,n,n,0,Tomsu 1998,interface,y,0
S-182,582316,5246250,1855,Schrattenkalk,0,0,1,n,n,0,Tomsu 1998,interface,y,0
S-183,582650,5246010,2002,Schrattenkalk,0,0,1,n,n,0,Tomsu 1998,interface,y,0
S-184,582820,5245840,1992,Schrattenkalk,0,0,1,n,n,0,Tomsu 1998,interface,y,0
S-185,583100,5245360,2121,Schrattenkalk,0,0,1,n,n,0,Tomsu 1998,interface,y,0
S-186,581496,5245130,1791,Schrattenkalk,0,0,1,n,n,0,Tomsu 1998,interface,y,0
S-187,581156,5245090,1734,Schrattenkalk,0,0,1,n,n,0,Tomsu 1998,interface,y,0
S-188,583188,5245290,2068,Schrattenkalk,0,0,1,n,n,0,Goldscheider 1997,interface,y,0
S-189,583362,5245340,2008,Schrattenkalk,0,0,1,n,n,0,Goldscheider 1997,interface,y,0
S-190,583171,5245170,2120,Schrattenkalk,0,0,1,n,n,0,Goldscheider 1997,interface,y,0
S-191,583307,5245020,2082,Schrattenkalk,0,0,1,n,n,0,Goldscheider 1997,interface,y,0
S-192,583764,5245160,1952,Schrattenkalk,0,0,1,n,n,0,Goldscheider 1997,interface,y,0
S-193,583601,5244840,2067,Schrattenkalk,0,0,1,n,n,0,Goldscheider 1997,interface,y,0
S-194,584482,5244890,1811,Schrattenkalk,0,0,1,n,n,0,Goldscheider 1997,interface,y,0
S-195,583837,5244790,2013,Schrattenkalk,0,0,1,n,n,0,Goldscheider 1997,interface,y,0
S-196,584938,5244650,1655,Schrattenkalk,0,0,1,n,n,0,Goldscheider 1997,interface,y,0
S-197,582967,5245140,2122,Schrattenkalk,0,0,1,n,n,0,Goldscheider 1997,interface,y,0
S-198,582926,5245030,2129,Schrattenkalk,0,0,1,n,n,0,Goldscheider 1997,interface,y,0
S-199,585595,5243510,1272,Garschella,0,0,1,n,n,0,Goldscheider 1997,interface,y,0
S-200,582268,5248700,1463,Drusberg,0,0,1,n,y,0,Huth 1998,interface,y,0
S-201,582507,5248630,1525,Drusberg,0,0,1,n,y,0,Huth 1998,interface,y,0
S-202,582960,5248460,1729,Drusberg,0,0,1,n,y,0,Huth 1998,interface,y,0
S-203,583350,5248210,1798,Drusberg,0,0,1,n,n,0,Huth 1998,interface,y,0
S-204,582954,5249040,1284,Drusberg,0,0,1,n,n,0,Huth 1998,interface,y,0
S-205,583179,5248920,1302,Drusberg,0,0,1,n,n,0,Huth 1998,interface,y,0
S-206,583560,5248850,1406,Drusberg,0,0,1,n,n,0,Huth 1998,interface,y,0
S-207,583860,5248020,1793,Drusberg,0,0,1,n,n,0,Huth 1998,interface,y,0
S-208,584045,5247940,1812,Drusberg,0,0,1,n,n,0,Huth 1998,interface,y,0
S-209,584178,5248980,1333,Drusberg,0,0,1,n,y,0,Huth 1998,interface,y,0
S-210,584277,5248930,1428,Drusberg,0,0,1,n,n,0,Huth 1998,interface,y,0
S-220,584210,5248880,1445,Drusberg,0,0,1,n,n,0,Huth 1998,interface,y,0
S-221,584341,5247850,1832,Drusberg,0,0,1,n,n,0,Huth 1998,interface,y,0
S-222,579580,5246700,1230,Drusberg,0,0,1,n,n,0,Tomsu 1998,interface,y,0
S-223,580114,5246550,1405,Drusberg,0,0,1,n,n,0,Tomsu 1998,interface,y,0
S-224,580545,5246450,1579,Drusberg,0,0,1,n,n,0,Tomsu 1998,interface,y,0
S-225,580167,5244140,1622,Drusberg,0,0,1,n,n,0,Tomsu 1998,interface,y,0
S-226,580619,5244620,1619,Drusberg,0,0,1,n,n,0,Tomsu 1998,interface,y,0
S-227,580887,5245230,1623,Drusberg,0,0,1,n,n,0,Tomsu 1998,interface,y,0
S-228,581070,5245190,1657,Drusberg,0,0,1,n,n,0,Tomsu 1998,interface,y,0
S-229,581486,5245190,1732,Drusberg,0,0,1,n,n,0,Tomsu 1998,interface,y,0
S-230,582460,5245130,1829,Drusberg,0,0,1,n,n,0,Tomsu 1998,interface,y,0
S-231,582855,5245230,1963,Drusberg,0,0,1,n,n,0,Tomsu 1998,interface,y,0
S-232,582622,5245710,1839,Drusberg,0,0,1,n,n,0,Tomsu 1998,interface,y,0
S-233,582165,5245990,1671,Drusberg,0,0,1,n,n,0,Tomsu 1998,interface,y,0
S-234,581979,5246010,1634,Drusberg,0,0,1,n,n,0,Tomsu 1998,interface,y,0
S-235,581661,5246300,1663,Drusberg,0,0,1,n,n,0,Tomsu 1998,interface,y,0
S-236,579564,5246640,1193,Kieselkalk,0,0,1,n,n,0,Tomsu 1998,interface,y,0
S-237,580266,5246470,1410,Kieselkalk,0,0,1,n,n,0,Tomsu 1998,interface,y,0
S-238,579828,5244090,1344,Kieselkalk,0,0,1,n,n,0,Tomsu 1998,interface,y,0
S-239,582453,5244810,1862,Garschella,0,0,1,n,n,1,Sinreich 1998,interface,y,0
S-240,582645,5244330,1687,Garschella,0,0,1,n,n,1,Sinreich 1998,interface,y,0
S-241,583428,5243780,1447,Garschella,0,0,1,n,n,1,Sinreich 1998,interface,y,0
S-242,583508,5243110,1401,Garschella,0,0,1,n,n,1,Sinreich 1998,interface,y,0
S-243,588547,5247960,1473,Garschella,0,0,1,n,n,1,Mittelberg,interface,y,0
S-244,588897,5247460,1331,Garschella,0,0,1,n,n,1,Mittelberg,interface,y,0
S-245,589327,5247150,1223,Garschella,0,0,1,n,n,1,Mittelberg,interface,y,0
S-246,588759,5247250,1240,Garschella,0,0,1,n,n,1,Mittelberg,interface,y,0
S-247,589704,5247060,1137,Garschella,0,0,1,n,n,1,Mittelberg,interface,y,0
S-248,584290,5248410,1606,Amdener,0,0,1,n,n,0,Goldscheider 1997,interface,y,0
S-249,584270,5248340,1634,Amdener,0,0,1,n,y,0,Goldscheider 1997,interface,y,0
S-250,584629,5248320,1661,Amdener,0,0,1,n,n,0,Huth 1998,interface,y,0
S-251,584613,5248220,1676,Amdener,0,0,1,n,y,0,Goldscheider 1997,interface,y,0
S-252,584738,5248160,1721,Amdener,0,0,1,n,y,0,Huth 1998,interface,y,0
S-253,581804,5249120,1227,Amdener,0,0,1,n,n,0,Huth 1998,interface,y,0
S-254,584157,5245910,1912,Garschella,0,0,1,n,n,1,Goldscheider 1997,interface,y,0
S-255,583533,5246670,1889,Garschella,0,0,1,n,n,1,Goldscheider 1997,interface,y,0
S-256,584634,5246820,1753,Garschella,0,0,1,n,n,1,Goldscheider 1997,interface,y,0
S-257,585195,5246810,1744,Garschella,0,0,1,n,n,1,Goldscheider 1997,interface,y,0
S-258,586369,5246440,1491,Garschella,0,0,1,n,n,1,Goldscheider 1997,interface,y,0
S-259,584544,5245350,1838,Garschella,0,0,1,n,n,1,Goldscheider 1997,interface,y,0
S-260,585330,5245510,1720,Garschella,0,0,1,n,n,1,Goldscheider 1997,interface,y,0
S-261,585615,5245110,1610,Garschella,0,0,1,n,n,1,Goldscheider 1997,interface,y,0
S-262,585869,5244810,1516,Garschella,0,0,1,n,n,1,Goldscheider 1997,interface,y,0
S-263,584845,5245830,1819,Garschella,0,0,1,n,n,1,Goldscheider 1997,interface,y,0
S-264,585226,5246070,1695,Garschella,0,0,1,n,n,1,Goldscheider 1997,interface,y,0
S-265,585869,5245480,1571,Garschella,0,0,1,n,n,1,Goldscheider 1997,interface,y,0
S-266,586441,5245000,1382,Garschella,0,0,1,n,n,1,Goldscheider 1997,interface,y,0
S-267,586528,5245360,1355,Garschella,0,0,1,n,n,1,Goldscheider 1997,interface,y,0
S-268,585361,5247450,1935,Garschella,0,0,1,n,n,1,Goldscheider 1997,interface,y,0
S-269,586012,5247150,1732,Garschella,0,0,1,n,n,1,Goldscheider,interface,y,0
S-270,584583,5246300,1811,Garschella,0,0,1,n,n,1,Goldscheider 1997,interface,y,0
S-271,586647,5247120,1648,Garschella,0,0,1,n,n,1,Goldscheider 1997,interface,y,0
S-272,587346,5246030,1254,Garschella,0,0,1,n,n,1,Goldscheider 1997,interface,y,0
S-273,586942,5246520,1452,Garschella,0,0,1,n,n,1,Goldscheider 1997,interface,y,0
S-274,587577,5246460,1336,Garschella,0,0,1,n,n,1,Goldscheider 1997,interface,y,0
S-275,587704,5247080,1289,Garschella,0,0,1,n,n,1,Goldscheider 1997,interface,y,0
S-276,588093,5246090,1194,Garschella,0,0,1,n,n,1,Goldscheider 1997,interface,y,0
S-277,587783,5245740,1153,Garschella,0,0,1,n,n,1,Goldscheider 1997,interface,y,0
S-278,587013,5246970,1515,Garschella,0,0,1,n,n,1,Goldscheider 1997,interface,y,0
S-279,585851,5246760,1619,Garschella,0,0,1,n,n,1,Goldscheider 1997,interface,y,0
S-280,585038,5243411,1288,Garschella,0,0,1,n,n,5,Sinreich 1998,interface,y,0
S-281,587558,5245030,1115,Garschella,0,0,1,n,n,25,Goldscheider 1997,interface,y,0
S-282,588242,5245650,1085,Garschella,0,0,1,n,n,73,Goldscheider 1997,interface,y,0
S-283,588946,5246730,1030,Garschella,0,0,1,n,n,15,Goldscheider 1997,interface,y,0
SD-001,583844,5247070,1833,Garschella,330,11,1,n,n,0,Goldscheider 1997,orientation,y,0
SD-002,584924,5248070,1744,Garschella,310,88,1,n,n,0,Goldscheider 1997,orientation,y,0
SD-003,585159,5248300,1758,Garschella,120,26,1,n,n,0,Goldscheider 1997,orientation,y,0
SD-004,585517,5248080,1651,Garschella,110,32,1,n,n,0,Goldscheider 1997,orientation,y,0
SD-005,585960,5247830,1617,Garschella,290,69,1,n,n,0,Goldscheider 1997,orientation,y,0
SD-006,586562,5245620,1343,Garschella,1,17,1,n,n,0,Goldscheider 1997,orientation,y,0
SD-007,587087,5244620,1201,Garschella,75,36,1,n,n,0,Goldscheider 1997,orientation,y,0
SD-008,588186,5247210,1174,Garschella,80,25,1,n,n,0,Goldscheider 1997,orientation,y,0
SD-009,588357,5246290,1053,Garschella,340,38,1,n,n,0,Goldscheider 1997,orientation,y,0
SD-010,584183,5247940,1800,Kieselkalk,295,30,1,n,n,0,Goldscheider 1997,orientation,y,0
SD-011,583470,5245640,1996,Schrattenkalk,330,21,1,n,n,0,Goldscheider 1997,orientation,y,0
SD-012,583584,5245910,1943,Schrattenkalk,335,10,1,n,n,0,Goldscheider 1997,orientation,y,0
SD-013,583831,5246860,1850,Schrattenkalk,310,28,1,n,n,0,Goldscheider 1997,orientation,y,0
SD-014,584173,5245190,1832,Schrattenkalk,290,44,1,n,n,0,Goldscheider 1997,orientation,y,0
SD-015,584342,5247460,1940,Schrattenkalk,95,13,1,n,n,0,Goldscheider 1997,orientation,y,0
SD-016,584649,5245040,1705,Schrattenkalk,335,40,1,n,n,0,Goldscheider 1997,orientation,y,0
SD-017,584994,5246420,1640,Schrattenkalk,310,41,1,n,n,0,Goldscheider 1997,orientation,y,0
SD-018,585080,5244810,1627,Schrattenkalk,325,36,1,n,n,0,Goldscheider 1997,orientation,y,0
SD-019,585200,5246410,1622,Schrattenkalk,10,18,1,n,n,0,Goldscheider 1997,orientation,y,0
SD-020,585419,5244900,1558,Schrattenkalk,80,20,1,n,n,0,Goldscheider 1997,orientation,y,0
SD-021,585528,5246310,1587,Schrattenkalk,1,24,1,n,n,0,Goldscheider 1997,orientation,y,0
SD-022,585789,5244360,1361,Schrattenkalk,30,16,1,n,n,0,Goldscheider 1997,orientation,y,0
SD-023,585980,5243590,1272,Schrattenkalk,340,26,1,n,n,0,Goldscheider 1997,orientation,y,0
SD-024,586006,5243950,1264,Schrattenkalk,70,25,1,n,n,0,Goldscheider 1997,orientation,y,0
SD-025,586059,5244360,1272,Schrattenkalk,105,20,1,n,n,0,Goldscheider 1997,orientation,y,0
SD-026,586095,5244670,1449,Schrattenkalk,345,20,1,n,n,0,Goldscheider 1997,orientation,y,0
SD-027,586367,5244360,1245,Schrattenkalk,20,15,1,n,n,0,Goldscheider 1997,orientation,y,0
SD-028,586377,5247780,1590,Schrattenkalk,290,47,1,n,n,0,Goldscheider 1997,orientation,y,0
SD-029,586390,5247990,1526,Schrattenkalk,130,31,1,n,n,0,Goldscheider 1997,orientation,y,0
SD-030,586523,5244020,1251,Schrattenkalk,50,30,1,n,n,0,Goldscheider 1997,orientation,y,0
SD-031,586542,5244420,1217,Schrattenkalk,325,25,1,n,n,0,Goldscheider 1997,orientation,y,0
SD-032,586588,5247810,1530,Schrattenkalk,315,43,1,n,n,0,Goldscheider 1997,orientation,y,0
SD-033,586837,5246230,1369,Schrattenkalk,75,17,1,n,n,0,Goldscheider 1997,orientation,y,0
SD-034,586878,5244200,1237,Schrattenkalk,25,35,1,n,n,0,Goldscheider 1997,orientation,y,0
SD-035,587046,5244310,1251,Schrattenkalk,310,61,1,n,n,0,Goldscheider 1997,orientation,y,0
SD-036,587206,5247570,1364,Schrattenkalk,20,10,1,n,n,0,Goldscheider 1997,orientation,y,0
SD-037,587217,5247390,1408,Schrattenkalk,320,40,1,n,n,0,Goldscheider 1997,orientation,y,0
SD-038,587263,5244770,1181,Schrattenkalk,80,22,1,n,n,0,Goldscheider 1997,orientation,y,0
SD-039,587269,5246280,1352,Schrattenkalk,40,22,1,n,n,0,Goldscheider 1997,orientation,y,0
SD-040,587285,5245480,1145,Schrattenkalk,30,18,1,n,n,0,Goldscheider 1997,orientation,y,0
SD-041,587375,5246840,1425,Schrattenkalk,5,21,1,n,n,0,Goldscheider 1997,orientation,y,0
SD-042,587598,5247450,1247,Schrattenkalk,90,20,1,n,n,0,Goldscheider 1997,orientation,y,0
SD-043,587666,5245060,1125,Schrattenkalk,5,22,1,n,n,0,Goldscheider 1997,orientation,y,0
SD-044,588578,5245840,1057,Schrattenkalk,335,24,1,n,n,0,Goldscheider 1997,orientation,y,0
SD-045,590054,5246650,978,Garschella,50,21,1,n,n,0,Goldscheider 1997,orientation,y,0
SD-046,590115,5246790,972,Garschella,10,25,1,n,n,0,Goldscheider 1997,orientation,y,0
SD-047,584145,5244910,1842,Drusberg,20,14,1,n,n,0,Goldscheider 1997,orientation,y,0
SD-048,587349,5244920,1135,Schrattenkalk,45,15,1,n,n,0,Goldscheider 1997,orientation,y,0
SD-049,587461,5244960,1142,Schrattenkalk,3,28,1,n,n,0,Goldscheider 1997,orientation,y,0
SD-050,585195,5244650,1572,Schrattenkalk,340,25,1,n,n,0,Goldscheider 1997,orientation,y,0
SD-051,584771,5244790,1730,Schrattenkalk,355,30,1,n,n,0,Goldscheider 1997,orientation,y,0
SD-052,584177,5245050,1863,Schrattenkalk,300,57,1,n,n,0,Goldscheider 1997,orientation,y,0
SD-053,583534,5245360,2015,Schrattenkalk,359,22,1,n,n,0,Goldscheider 1997,orientation,y,0
SD-054,588402,5245480,1092,Schrattenkalk,75,22,1,n,n,0,Goldscheider 1997,orientation,y,0
SD-055,588503,5245650,1089,Schrattenkalk,65,14,1,n,n,0,Goldscheider 1997,orientation,y,0
SD-056,588280,5246450,1084,Amdener,340,50,1,n,n,0,Goldscheider 1997,orientation,y,0
SD-057,588328,5246510,1091,Amdener,90,40,1,n,n,0,Goldscheider 1997,orientation,y,0
SD-058,588988,5246540,1020,Amdener,120,55,1,n,n,0,Goldscheider 1997,orientation,y,0
SD-059,589356,5246600,993,Amdener,85,32,1,n,n,0,Goldscheider 1997,orientation,y,0
SD-060,589868,5246550,1002,Amdener,90,33,1,n,n,0,Goldscheider 1997,orientation,y,0
SD-061,589000,5246830,1086,Schrattenkalk,110,24,1,n,n,0,Goldscheider 1997,orientation,y,0
SD-062,584816,5248000,1806,Schrattenkalk,295,105,1,n,y,0,Goldscheider 1997,orientation,y,0
SD-063,585133,5248060,1817,Schrattenkalk,295,103,1,n,y,0,Goldscheider 1997,orientation,y,0
SD-064,585522,5247930,1727,Schrattenkalk,310,96,1,n,y,0,Goldscheider 1997,orientation,y,0
SD-065,585767,5246180,1536,Garschella,340,22,1,n,n,0,Goldscheider 1997,orientation,y,0
SD-066,578594,5248520,991,Schrattenkalk,275,22,1,n,n,0,Huth 1998,orientation,y,0
SD-067,579084,5248670,965,Quaternary,280,70,1,n,n,0,Huth 1998,orientation,y,0
SD-068,579328,5248510,1056,Schrattenkalk,270,30,1,n,n,0,Huth 1998,orientation,y,0
SD-069,579782,5248300,1398,Schrattenkalk,265,45,1,n,n,0,Huth 1998,orientation,y,0
SD-070,579846,5248370,1342,Schrattenkalk,272,40,1,n,n,0,Huth 1998,orientation,y,0
SD-071,579176,5249150,956,Drusberg,92,70,1,n,n,0,Huth 1998,orientation,y,0
SD-072,579088,5249330,971,Schrattenkalk,275,45,1,n,n,0,Huth 1998,orientation,y,0
SD-073,580949,5248310,1541,Schrattenkalk,270,20,1,n,n,0,Huth 1998,orientation,y,0
SD-074,580498,5248470,1360,Schrattenkalk,230,27,1,n,n,0,Huth 1998,orientation,y,0
SD-075,582678,5248500,1687,Kieselkalk,255,30,1,n,n,0,Huth 1998,orientation,y,0
SD-076,581829,5249260,1219,Schrattenkalk,270,65,1,n,n,0,Huth 1998,orientation,y,0
SD-077,583583,5248740,1477,Schrattenkalk,120,30,1,n,n,0,Huth 1998,orientation,y,0
SD-078,583395,5248700,1433,Drusberg,130,40,1,n,n,0,Huth 1998,orientation,y,0
SD-079,579053,5249520,948,Garschella,285,23,1,n,n,0,Huth 1998,orientation,y,0
SD-080,583898,5248650,1566,Schrattenkalk,120,30,1,n,n,0,Huth 1998,orientation,y,0
SD-081,583408,5248840,1345,Kieselkalk,120,55,1,n,n,0,Huth 1998,orientation,y,0
SD-082,582952,5245790,2025,Schrattenkalk,275,30,1,n,n,0,Tomsu 1998,orientation,y,0
SD-083,582713,5247060,1818,Schrattenkalk,275,15,1,n,n,0,Tomsu 1998,orientation,y,0
SD-084,583233,5247360,1727,Schrattenkalk,260,15,1,n,n,0,Tomsu 1998,orientation,y,0
SD-085,582404,5247450,1626,Schrattenkalk,272,20,1,n,n,0,Tomsu 1998,orientation,y,0
SD-086,581361,5247210,1587,Schrattenkalk,240,30,1,n,n,0,Tomsu 1998,orientation,y,0
SD-087,581323,5247980,1576,Schrattenkalk,165,20,1,n,n,0,Tomsu 1998,orientation,y,0
SD-088,580578,5247500,1263,Schrattenkalk,145,30,1,n,n,0,Tomsu 1998,orientation,y,0
SD-089,581081,5248160,1553,Schrattenkalk,240,75,1,n,n,0,Tomsu 1998,orientation,y,0
SD-090,580092,5247390,1118,Schrattenkalk,220,20,1,n,n,0,Tomsu 1998,orientation,y,0
SD-091,580604,5247350,1300,Schrattenkalk,210,30,1,n,n,0,Tomsu 1998,orientation,y,0
SD-092,580210,5247240,1258,Schrattenkalk,245,40,1,n,n,0,Tomsu 1998,orientation,y,0
SD-093,579896,5247370,1094,Schrattenkalk,210,40,1,n,n,0,Tomsu 1998,orientation,y,0
SD-094,579573,5247660,1087,Schrattenkalk,160,30,1,n,n,0,Tomsu 1998,orientation,y,0
SD-095,579066,5248110,1038,Schrattenkalk,160,50,1,n,n,0,Tomsu 1998,orientation,y,0
SD-096,578822,5248000,1026,Schrattenkalk,155,40,1,n,n,0,Tomsu 1998,orientation,y,0
SD-097,579223,5247460,1027,Schrattenkalk,145,45,1,n,n,0,Tomsu 1998,orientation,y,0
SD-098,579366,5247340,1030,Garschella,145,30,1,n,n,0,Tomsu 1998,orientation,y,0
SD-099,578596,5247860,1005,Amdener,220,85,1,n,n,0,Tomsu 1998,orientation,y,0
SD-100,579419,5247290,1061,Amdener,170,25,1,n,n,0,Tomsu 1998,orientation,y,0
SD-101,578632,5247980,1077,Schrattenkalk,150,40,1,n,n,0,Tomsu 1998,orientation,y,0
SD-102,579017,5248690,965,Schrattenkalk,275,55,1,n,n,0,Tomsu 1998,orientation,y,0
SD-103,579316,5246730,1090,Kieselkalk,270,70,1,n,n,0,Tomsu 1998,orientation,y,0
SD-104,579414,5246830,1151,Drusberg,270,70,1,n,n,0,Tomsu 1998,orientation,y,0
SD-105,580354,5246760,1621,Drusberg,280,45,1,n,n,0,Tomsu 1998,orientation,y,0
SD-106,581302,5246460,1561,Drusberg,265,30,1,n,n,0,Tomsu 1998,orientation,y,0
SD-107,581873,5246200,1717,Drusberg,290,40,1,n,n,0,Tomsu 1998,orientation,y,0
SD-108,581218,5247540,1448,Drusberg,117,20,1,n,n,0,Tomsu 1998,orientation,y,0
SD-109,581466,5246640,1679,Drusberg,280,35,1,n,n,0,Tomsu 1998,orientation,y,0
SD-110,588950,5246790,1040,Schrattenkalk,119,20,1,n,n,0,Fandel 2019,orientation,y,0
SD-111,588931,5246780,1057,Garschella,116,30,1,n,n,0,Fandel 2019,orientation,y,0
SD-112,587986,5247230,1186,Schrattenkalk,98,35,1,n,n,0,Fandel 2019,orientation,y,0
SD-113,586288,5247910,1522,Schrattenkalk,86,17,1,n,n,0,Fandel 2019,orientation,y,0
SD-114,586645,5245110,1307,Schrattenkalk,306,15,1,n,n,0,Fandel 2019,orientation,y,0
SD-115,587079,5245090,1196,Schrattenkalk,348,15,1,n,n,0,Fandel 2019,orientation,y,0
SD-116,587012,5245010,1199,Schrattenkalk,296,12,1,n,n,0,Fandel 2019,orientation,y,0
